{
  "single_iaukf": {
    "r_error_mean": 5.988351507135942,
    "r_error_std": 0.5808510669833927,
    "x_error_mean": 7.671378716450896,
    "x_error_std": 8.118666366714335,
    "time_mean": 6344.309015005517
  },
  "graphmamba": {
    "r_error_mean": 1.4634363400824573,
    "r_error_std": 0.011002571575800764,
    "x_error_mean": 3.941142159844725,
    "x_error_std": 0.04648157385512133,
    "time_mean": 111.920341005316
  },
  "speedup": 56.68593356684085
}